Distance_km,Preparation_Time_min,Courier_Experience_yrs,Delivery_Time_min,Weather_Clear,Weather_Foggy,Weather_Rainy,Weather_Snowy,Weather_Windy,Traffic_Level_High,Traffic_Level_Low,Traffic_Level_Medium,Time_of_Day_Afternoon,Time_of_Day_Evening,Time_of_Day_Morning,Time_of_Day_Night,Vehicle_Type_Bike,Vehicle_Type_Car,Vehicle_Type_Scooter
7.93,12,1.0,43,False,False,False,False,True,False,True,False,True,False,False,False,False,False,True
16.42,20,2.0,84,True,False,False,False,False,False,False,True,False,True,False,False,True,False,False
9.52,28,1.0,59,False,True,False,False,False,False,True,False,False,False,False,True,False,False,True
7.44,5,1.0,37,False,False,True,False,False,False,False,True,True,False,False,False,False,False,True
19.03,16,5.0,68,True,False,False,False,False,False,True,False,False,False,True,False,True,False,False
19.4,8,9.0,57,True,False,False,False,False,False,True,False,False,True,False,False,False,False,True
17.39,5,6.0,46,True,False,False,False,False,False,False,True,False,True,False,False,False,False,True
1.78,20,6.0,35,False,False,False,True,False,False,True,False,False,True,False,False,False,True,False
10.62,29,1.0,73,False,True,False,False,False,False,True,False,False,True,False,False,False,False,True
16.86,13,4.0,88,False,False,False,True,False,False,False,True,True,False,False,False,False,True,False
15.54,29,1.0,76,True,False,False,False,False,False,True,False,False,False,False,True,True,False,False
10.89,12,5.0,53,True,False,False,False,False,True,False,False,False,False,False,True,True,False,False
4.69,12,7.0,36,False,False,True,False,False,False,False,True,False,True,False,False,False,False,True
2.17,15,3.0,35,False,False,False,True,False,False,True,False,False,True,False,False,False,True,False
17.86,5,1.0,50,False,False,True,False,False,False,True,False,True,False,False,False,True,False,False
2.53,6,8.0,24,False,False,False,True,False,False,True,False,False,False,True,False,True,False,False
6.58,6,7.0,27,False,True,False,False,False,False,True,False,False,True,False,False,False,True,False
5.38,26,1.0,47,True,False,False,False,False,False,False,True,False,True,False,False,False,False,True
15.56,28,0.0,72,False,False,True,False,False,False,True,False,True,False,False,False,False,False,True
13.08,16,4.0,58,False,False,True,False,False,False,True,False,False,False,True,False,False,True,False
0.86,26,5.0,37,True,False,False,False,False,True,False,False,True,False,False,False,True,False,False
5.83,27,9.0,56,True,False,False,False,False,True,False,False,False,True,False,False,False,True,False
14.59,15,6.0,64,True,False,False,False,False,False,False,True,False,False,True,False,True,False,False
12.91,11,6.0,56,False,False,False,False,True,False,False,True,False,True,False,False,True,False,False
13.92,18,4.0,70,False,False,False,True,False,False,True,False,False,False,True,False,False,False,True
4.04,11,9.0,70,False,False,False,True,False,False,True,False,False,False,False,True,True,False,False
18.05,10,7.0,123,True,False,False,False,False,False,False,True,False,True,False,False,False,False,True
12.88,8,5.0,52,True,False,False,False,False,False,False,True,False,False,True,False,False,False,True
19.45,20,6.0,108,False,False,True,False,False,True,False,False,False,False,True,False,False,False,True
4.58,22,9.0,45,True,False,False,False,False,True,False,False,False,False,True,False,False,False,True
19.73,27,4.0,111,False,True,False,False,False,False,False,True,False,True,False,False,True,False,False
2.47,27,2.0,44,False,False,False,False,True,False,False,True,False,False,True,False,True,False,False
17.8,16,9.0,73,False,False,False,True,False,False,False,True,False,False,True,False,True,False,False
5.96,22,7.0,45,True,False,False,False,False,False,False,True,True,False,False,False,True,False,False
12.85,18,7.0,61,False,False,False,False,True,False,False,True,True,False,False,False,False,False,True
1.02,25,4.0,34,True,False,False,False,False,False,False,True,True,False,False,False,True,False,False
6.84,14,8.0,47,False,False,True,False,False,False,False,True,False,False,False,True,False,True,False
8.68,8,5.0,52,False,False,True,False,False,False,False,True,False,False,True,False,True,False,False
10.69,25,9.0,67,True,False,False,False,False,False,False,True,False,False,False,True,True,False,False
1.11,5,6.0,8,True,False,False,False,False,False,True,False,False,False,True,False,True,False,False
2.16,15,0.0,36,False,False,False,True,False,False,True,False,False,True,False,False,False,False,True
13.17,16,4.0,67,False,False,False,False,True,False,False,True,True,False,False,False,True,False,False
8.79,14,6.0,43,False,False,False,True,False,False,True,False,False,False,False,True,True,False,False
5.93,19,3.0,36,True,False,False,False,False,False,True,False,True,False,False,False,False,False,True
2.09,23,2.0,36,False,False,True,False,False,False,True,False,False,False,False,True,True,False,False
7.57,21,0.0,56,True,False,False,False,False,False,True,False,False,False,True,False,True,False,False
10.52,8,4.0,56,False,False,True,False,False,False,False,True,True,False,False,False,False,False,True
4.83,25,9.0,47,False,False,True,False,False,False,True,False,False,False,True,False,False,True,False
19.81,20,5.0,104,False,False,False,True,False,False,False,True,True,False,False,False,False,True,False
10.1,8,4.0,50,False,False,True,False,False,False,True,False,False,True,False,False,False,True,False
7.64,10,8.0,31,False,False,False,False,True,False,True,False,True,False,False,False,False,True,False
12.35,10,6.0,35,True,False,False,False,False,False,True,False,False,False,True,False,False,False,True
5.9,26,9.0,44,False,False,True,False,False,False,True,False,False,True,False,False,False,True,False
0.9,20,8.0,23,True,False,False,False,False,False,True,False,True,False,False,False,True,False,False
11.58,16,2.0,61,True,False,False,False,False,False,False,True,False,False,True,False,False,False,True
16.16,11,1.0,82,True,False,False,False,False,True,False,False,True,False,False,False,True,False,False
15.51,17,9.0,69,True,False,False,False,False,False,True,False,False,True,False,False,True,False,False
12.16,11,0.0,69,False,False,False,False,True,True,False,False,False,True,False,False,False,False,True
4.96,21,0.0,60,False,False,True,False,False,True,False,False,False,False,True,False,True,False,False
3.64,17,6.0,40,False,False,False,False,True,True,False,False,False,True,False,False,True,False,False
2.85,26,0.0,38,True,False,False,False,False,False,True,False,False,False,True,False,False,False,True
10.4,16,4.0,52,True,False,False,False,False,False,True,False,False,True,False,False,True,False,False
12.31,29,4.0,68,False,False,False,False,True,False,True,False,False,False,True,False,True,False,False
3.53,13,7.0,31,True,False,False,False,False,False,False,True,True,False,False,False,True,False,False
15.56,14,3.0,54,True,False,False,False,False,False,False,True,False,True,False,False,True,False,False
13.6,27,0.0,87,True,False,False,False,False,False,False,True,True,False,False,False,True,False,False
15.23,5,0.0,62,False,False,False,True,False,True,False,False,False,False,True,False,True,False,False
3.21,16,0.0,42,False,False,True,False,False,True,False,False,False,False,False,True,False,False,True
6.38,16,1.0,111,False,False,False,True,False,False,True,False,False,True,False,False,True,False,False
16.54,6,7.0,51,False,False,True,False,False,False,True,False,True,False,False,False,False,False,True
12.02,9,7.0,41,True,False,False,False,False,False,True,False,False,False,True,False,False,True,False
11.94,20,3.0,69,True,False,False,False,False,False,True,False,False,True,False,False,True,False,False
9.08,14,5.0,49,True,False,False,False,False,False,True,False,True,False,False,False,False,False,True
3.46,23,3.0,48,False,False,False,True,False,False,False,True,False,False,True,False,False,False,True
6.8,13,7.0,46,False,True,False,False,False,False,False,True,False,False,True,False,False,False,True
17.38,11,2.0,92,False,False,True,False,False,False,False,True,True,False,False,False,False,False,True
3.25,23,7.0,32,True,False,False,False,False,False,True,False,False,False,True,False,True,False,False
10.28,29,3.0,71,True,False,False,False,False,False,False,True,False,True,False,False,False,False,True
16.14,6,9.0,65,True,False,False,False,False,False,True,False,False,False,False,True,False,True,False
3.55,23,0.0,43,True,False,False,False,False,False,False,True,False,True,False,False,True,False,False
19.03,26,5.0,68,True,False,False,False,False,False,True,False,True,False,False,False,False,True,False
7.3,14,7.0,28,True,False,False,False,False,False,True,False,False,False,False,True,False,False,True
7.03,21,1.0,44,True,False,False,False,False,False,True,False,False,True,False,False,False,False,True
12.43,12,0.0,70,False,False,False,True,False,False,True,False,True,False,False,False,False,True,False
11.39,14,1.0,72,False,False,True,False,False,True,False,False,False,True,False,False,False,False,True
19.41,7,3.0,48,True,False,False,False,False,False,True,False,False,False,True,False,False,True,False
13.17,17,8.0,69,False,False,True,False,False,True,False,False,False,True,False,False,False,False,True
8.32,12,2.0,49,False,False,True,False,False,False,True,False,True,False,False,False,False,True,False
1.15,26,4.0,30,True,False,False,False,False,False,True,False,True,False,False,False,False,False,True
17.8,12,9.0,73,False,False,False,False,True,True,False,False,True,False,False,False,False,True,False
7.46,8,5.0,42,True,False,False,False,False,False,False,True,False,True,False,False,True,False,False
7.25,18,4.0,45,True,False,False,False,False,False,False,True,True,False,False,False,False,False,True
16.7,28,1.0,76,True,False,False,False,False,False,False,True,True,False,False,False,False,False,True
17.2,14,2.0,94,False,False,True,False,False,True,False,False,True,False,False,False,False,False,True
0.86,21,7.0,28,True,False,False,False,False,False,False,True,True,False,False,False,False,True,False
18.76,15,2.0,80,True,False,False,False,False,False,False,True,False,True,False,False,False,True,False
9.22,18,9.0,57,True,False,False,False,False,False,False,True,True,False,False,False,False,True,False
2.84,24,2.0,35,True,False,False,False,False,False,True,False,False,True,False,False,False,False,True
17.59,24,6.0,69,True,False,False,False,False,False,True,False,False,False,True,False,True,False,False
14.89,17,6.0,87,False,False,False,True,False,True,False,False,False,False,True,False,False,False,True
1.3,22,4.0,31,True,False,False,False,False,False,False,True,False,True,False,False,True,False,False
18.99,10,6.0,70,False,False,True,False,False,True,False,False,True,False,False,False,True,False,False
8.26,15,1.0,57,False,False,False,True,False,False,True,False,True,False,False,False,True,False,False
10.16,12,5.0,52,True,False,False,False,False,True,False,False,False,False,False,True,True,False,False
14.73,24,6.0,74,False,False,True,False,False,False,True,False,True,False,False,False,True,False,False
12.56,17,5.0,69,True,False,False,False,False,True,False,False,False,True,False,False,True,False,False
5.53,19,1.0,44,True,False,False,False,False,False,False,True,True,False,False,False,True,False,False
10.18,25,3.0,73,False,True,False,False,False,False,False,True,False,False,True,False,True,False,False
15.5,28,9.0,91,True,False,False,False,False,False,False,True,False,False,True,False,False,False,True
16.69,8,2.0,65,False,True,False,False,False,False,False,True,False,True,False,False,False,False,True
11.22,25,5.0,79,False,False,False,False,True,True,False,False,False,True,False,False,True,False,False
8.53,8,2.0,41,True,False,False,False,False,False,True,False,False,True,False,False,False,False,True
12.49,25,4.0,77,True,False,False,False,False,False,False,True,False,False,True,False,True,False,False
0.97,24,8.0,26,True,False,False,False,False,False,True,False,False,False,False,True,False,False,True
12.6,8,6.0,58,False,False,False,False,True,False,False,True,True,False,False,False,False,True,False
6.91,28,9.0,56,True,False,False,False,False,False,False,True,False,True,False,False,False,False,True
18.97,25,4.0,141,True,False,False,False,False,False,True,False,False,True,False,False,False,True,False
14.29,14,7.0,78,False,False,False,False,True,False,False,True,False,False,True,False,True,False,False
1.3,19,5.0,29,False,True,False,False,False,False,True,False,False,True,False,False,True,False,False
12.11,9,5.0,59,False,False,True,False,False,False,True,False,False,False,True,False,True,False,False
14.94,11,0.0,62,True,False,False,False,False,False,False,True,False,False,True,False,True,False,False
2.29,8,8.0,80,False,False,True,False,False,True,False,False,True,False,False,False,False,True,False
17.36,24,1.0,105,False,False,True,False,False,True,False,False,True,False,False,False,True,False,False
18.48,8,0.0,82,True,False,False,False,False,False,False,True,False,False,False,True,True,False,False
16.25,10,5.0,91,False,True,False,False,False,True,False,False,False,False,True,False,True,False,False
5.13,15,4.0,30,True,False,False,False,False,False,True,False,False,False,True,False,False,True,False
0.61,10,0.0,16,True,False,False,False,False,False,True,False,True,False,False,False,False,False,True
5.55,18,1.0,116,False,True,False,False,False,True,False,False,False,True,False,False,True,False,False
4.03,9,5.0,25,True,False,False,False,False,False,False,True,False,True,False,False,True,False,False
7.09,13,8.0,37,False,False,False,True,False,False,True,False,False,False,True,False,False,False,True
8.25,7,9.0,28,True,False,False,False,False,False,False,True,True,False,False,False,True,False,False
11.26,5,6.0,49,True,False,False,False,False,False,True,False,False,False,False,True,True,False,False
19.7,10,2.0,60,False,False,True,False,False,False,True,False,False,True,False,False,True,False,False
0.8,14,9.0,36,False,False,False,True,False,True,False,False,False,True,False,False,True,False,False
7.0,17,9.0,49,False,False,True,False,False,False,False,True,False,True,False,False,True,False,False
14.43,14,4.0,113,True,False,False,False,False,False,False,True,False,False,True,False,False,True,False
6.89,11,6.0,43,False,False,True,False,False,False,False,True,True,False,False,False,True,False,False
5.13,25,1.0,60,False,True,False,False,False,False,False,True,False,True,False,False,False,True,False
1.5,10,1.0,17,True,False,False,False,False,False,True,False,True,False,False,False,True,False,False
11.31,7,0.0,54,True,False,False,False,False,False,False,True,False,True,False,False,True,False,False
15.05,12,2.0,66,True,False,False,False,False,False,False,True,False,True,False,False,False,True,False
5.78,9,9.0,33,False,True,False,False,False,False,True,False,True,False,False,False,False,False,True
11.83,9,7.0,32,True,False,False,False,False,False,True,False,False,True,False,False,False,False,True
8.08,25,2.0,61,False,True,False,False,False,False,True,False,False,False,True,False,True,False,False
16.1,25,0.0,64,True,False,False,False,False,False,True,False,False,True,False,False,True,False,False
9.74,7,8.0,37,False,False,True,False,False,False,False,True,False,True,False,False,False,False,True
17.6,27,3.0,69,True,False,False,False,False,False,True,False,True,False,False,False,True,False,False
10.22,18,1.0,68,False,False,False,True,False,False,False,True,False,False,False,True,True,False,False
2.19,26,3.0,32,True,False,False,False,False,False,True,False,False,True,False,False,True,False,False
11.41,17,4.0,68,False,False,False,False,True,False,False,True,True,False,False,False,False,False,True
4.14,14,2.0,30,True,False,False,False,False,False,False,True,False,False,True,False,False,False,True
12.65,18,8.0,60,False,False,True,False,False,False,True,False,True,False,False,False,True,False,False
9.06,23,4.0,47,True,False,False,False,False,False,False,True,False,True,False,False,True,False,False
13.04,20,6.0,65,True,False,False,False,False,False,False,True,False,False,True,False,False,False,True
10.7,8,5.0,44,True,False,False,False,False,False,False,True,True,False,False,False,False,False,True
6.15,26,5.0,48,False,True,False,False,False,False,True,False,False,True,False,False,False,False,True
16.47,20,9.0,75,False,False,False,True,False,True,False,False,False,True,False,False,False,False,True
1.39,15,4.0,24,True,False,False,False,False,False,False,True,True,False,False,False,True,False,False
11.14,7,3.0,47,False,False,True,False,False,False,False,True,False,False,True,False,False,False,True
3.81,5,6.0,31,False,False,True,False,False,True,False,False,True,False,False,False,True,False,False
2.39,27,7.0,43,False,False,True,False,False,False,False,True,False,True,False,False,True,False,False
11.74,6,3.0,54,True,False,False,False,False,True,False,False,False,True,False,False,False,True,False
9.54,11,5.0,47,False,False,True,False,False,False,False,True,False,True,False,False,False,False,True
3.88,16,2.0,35,True,False,False,False,False,False,False,True,False,False,True,False,True,False,False
0.95,27,0.0,44,False,False,True,False,False,False,False,True,False,False,True,False,False,True,False
8.59,17,8.0,36,True,False,False,False,False,False,True,False,False,False,False,True,False,False,True
8.59,22,2.0,43,True,False,False,False,False,False,True,False,False,True,False,False,True,False,False
13.03,9,1.0,50,False,True,False,False,False,False,True,False,False,False,True,False,False,False,True
8.03,14,8.0,42,True,False,False,False,False,False,True,False,False,True,False,False,False,False,True
13.2,14,3.0,62,False,False,False,True,False,False,True,False,False,False,True,False,False,True,False
12.67,10,3.0,65,True,False,False,False,False,False,False,True,False,True,False,False,False,True,False
9.32,6,5.0,30,True,False,False,False,False,False,True,False,False,False,True,False,False,False,True
6.03,8,6.0,46,False,False,True,False,False,True,False,False,True,False,False,False,False,True,False
15.71,28,5.0,69,True,False,False,False,False,False,True,False,True,False,False,False,False,False,True
4.87,16,7.0,54,False,False,False,True,False,True,False,False,False,True,False,False,True,False,False
18.15,22,7.0,108,False,False,True,False,False,True,False,False,False,False,True,False,True,False,False
0.78,6,1.0,17,True,False,False,False,False,False,False,True,False,False,True,False,True,False,False
0.6,26,3.0,30,True,False,False,False,False,False,True,False,True,False,False,False,True,False,False
2.09,5,5.0,16,True,False,False,False,False,False,False,True,False,True,False,False,True,False,False
1.41,15,0.0,72,False,True,False,False,False,False,False,True,False,True,False,False,True,False,False
18.92,27,4.0,100,True,False,False,False,False,True,False,False,False,False,True,False,False,False,True
12.41,10,1.0,51,True,False,False,False,False,False,False,True,False,False,True,False,False,True,False
18.34,9,4.0,92,True,False,False,False,False,True,False,False,False,False,False,True,True,False,False
13.52,27,1.0,82,True,False,False,False,False,False,True,False,False,False,True,False,False,False,True
16.79,24,6.0,85,False,True,False,False,False,True,False,False,True,False,False,False,True,False,False
15.39,24,5.0,89,True,False,False,False,False,False,False,True,False,True,False,False,False,False,True
7.39,25,6.0,60,False,False,True,False,False,False,False,True,False,False,True,False,False,False,True
10.98,10,6.0,55,False,False,True,False,False,False,True,False,False,False,True,False,False,False,True
11.08,9,0.0,57,False,False,False,True,False,False,False,True,False,False,True,False,True,False,False
5.41,14,5.0,36,True,False,False,False,False,False,False,True,False,False,False,True,True,False,False
0.94,9,6.0,21,True,False,False,False,False,True,False,False,False,False,True,False,True,False,False
7.27,10,5.0,35,False,False,False,False,True,False,True,False,True,False,False,False,True,False,False
2.99,27,5.0,41,False,False,False,False,True,False,False,True,False,False,True,False,True,False,False
15.28,16,5.0,72,False,False,False,True,False,False,True,False,False,True,False,False,True,False,False
2.48,14,6.0,27,False,False,False,False,True,False,False,True,True,False,False,False,False,True,False
17.13,19,1.0,71,False,False,True,False,False,False,True,False,False,True,False,False,False,True,False
7.17,15,7.0,32,True,False,False,False,False,False,True,False,True,False,False,False,True,False,False
5.47,21,6.0,38,False,False,True,False,False,False,True,False,False,False,True,False,False,True,False
19.53,11,6.0,87,False,True,False,False,False,False,True,False,True,False,False,False,True,False,False
7.5,29,1.0,66,True,False,False,False,False,True,False,False,False,False,True,False,True,False,False
5.61,25,9.0,48,False,False,False,False,True,False,True,False,False,False,False,True,True,False,False
4.1,21,3.0,37,True,False,False,False,False,False,True,False,False,False,True,False,True,False,False
6.22,15,0.0,49,False,False,True,False,False,False,False,True,False,False,True,False,True,False,False
12.55,13,8.0,51,False,False,False,False,True,False,True,False,False,True,False,False,True,False,False
10.31,19,5.0,62,False,True,False,False,False,False,False,True,False,False,True,False,False,False,True
8.72,18,7.0,64,False,False,False,True,False,False,False,True,False,True,False,False,False,True,False
17.07,20,6.0,73,True,False,False,False,False,False,False,True,False,False,True,False,True,False,False
14.07,5,8.0,67,True,False,False,False,False,True,False,False,True,False,False,False,True,False,False
19.02,29,9.0,87,True,False,False,False,False,False,False,True,True,False,False,False,True,False,False
19.0,28,3.0,96,True,False,False,False,False,True,False,False,False,False,True,False,False,True,False
3.83,12,9.0,30,False,False,True,False,False,False,False,True,True,False,False,False,True,False,False
10.3,19,8.0,48,True,False,False,False,False,False,True,False,False,True,False,False,False,False,True
8.09,15,4.0,51,True,False,False,False,False,True,False,False,True,False,False,False,False,False,True
18.06,9,8.0,52,True,False,False,False,False,False,False,True,False,False,False,True,True,False,False
2.76,8,5.0,22,False,False,False,False,True,False,False,True,False,False,True,False,False,False,True
12.17,20,8.0,68,False,False,False,True,False,False,True,False,False,True,False,False,True,False,False
12.33,22,9.0,75,True,False,False,False,False,False,False,True,False,True,False,False,True,False,False
1.38,5,8.0,13,True,False,False,False,False,False,False,True,False,True,False,False,False,False,True
18.49,14,6.0,71,True,False,False,False,False,False,True,False,True,False,False,False,False,False,True
10.57,28,9.0,59,False,False,False,True,False,False,True,False,True,False,False,False,True,False,False
2.0,10,2.0,30,True,False,False,False,False,True,False,False,False,True,False,False,False,False,True
3.29,17,4.0,32,True,False,False,False,False,False,False,True,True,False,False,False,False,False,True
1.94,16,0.0,35,False,False,True,False,False,False,False,True,False,False,True,False,True,False,False
9.58,26,8.0,60,True,False,False,False,False,True,False,False,True,False,False,False,False,True,False
6.95,25,2.0,58,True,False,False,False,False,False,False,True,False,False,True,False,False,False,True
14.05,19,0.0,72,True,False,False,False,False,True,False,False,False,False,True,False,False,False,True
18.97,20,8.0,108,False,False,True,False,False,True,False,False,False,False,False,True,True,False,False
13.53,28,8.0,78,False,False,True,False,False,False,True,False,False,True,False,False,True,False,False
15.14,8,6.0,66,False,False,True,False,False,False,False,True,False,False,True,False,True,False,False
5.96,26,6.0,48,True,False,False,False,False,False,True,False,True,False,False,False,True,False,False
3.43,7,6.0,23,False,False,False,False,True,False,False,True,False,False,True,False,True,False,False
17.94,22,6.0,85,False,False,True,False,False,True,False,False,False,True,False,False,False,False,True
3.54,10,5.0,32,False,False,True,False,False,False,False,True,False,True,False,False,True,False,False
7.81,11,4.0,42,True,False,False,False,False,False,True,False,False,True,False,False,True,False,False
14.09,12,3.0,55,True,False,False,False,False,False,False,True,True,False,False,False,False,False,True
11.92,14,4.0,46,True,False,False,False,False,False,True,False,True,False,False,False,False,False,True
17.3,9,0.0,67,True,False,False,False,False,False,True,False,False,True,False,False,False,False,True
14.08,28,6.0,66,True,False,False,False,False,True,False,False,False,False,True,False,True,False,False
2.8,28,1.0,50,True,False,False,False,False,True,False,False,True,False,False,False,True,False,False
14.09,12,6.0,67,True,False,False,False,False,True,False,False,True,False,False,False,True,False,False
9.39,14,2.0,37,True,False,False,False,False,False,True,False,False,False,True,False,True,False,False
4.55,5,6.0,21,False,False,True,False,False,False,True,False,True,False,False,False,True,False,False
6.24,20,4.0,51,False,False,False,True,False,False,True,False,True,False,False,False,True,False,False
16.92,29,0.0,70,True,False,False,False,False,False,True,False,False,False,True,False,False,False,True
14.31,9,8.0,47,True,False,False,False,False,False,False,True,False,False,True,False,True,False,False
2.23,7,6.0,14,True,False,False,False,False,False,True,False,False,False,True,False,True,False,False
12.65,15,4.0,66,True,False,False,False,False,False,True,False,False,True,False,False,True,False,False
7.24,28,6.0,65,False,False,True,False,False,False,False,True,False,True,False,False,True,False,False
3.01,14,4.0,26,True,False,False,False,False,False,False,True,False,True,False,False,True,False,False
3.95,13,5.0,25,True,False,False,False,False,False,True,False,True,False,False,False,True,False,False
1.09,6,2.0,17,True,False,False,False,False,False,False,True,False,False,True,False,False,False,True
13.99,7,3.0,96,True,False,False,False,False,True,False,False,False,True,False,False,False,False,True
19.32,21,7.0,112,False,False,True,False,False,True,False,False,False,False,True,False,False,True,False
11.72,11,9.0,42,False,False,True,False,False,False,True,False,False,True,False,False,True,False,False
2.13,9,2.0,22,False,False,True,False,False,False,True,False,False,False,True,False,False,False,True
8.17,20,9.0,44,True,False,False,False,False,False,False,True,True,False,False,False,False,False,True
12.21,9,4.0,57,True,False,False,False,False,True,False,False,False,False,True,False,True,False,False
3.17,17,6.0,33,True,False,False,False,False,False,False,True,False,True,False,False,False,False,True
18.68,11,8.0,62,False,False,False,True,False,False,True,False,True,False,False,False,True,False,False
10.95,24,4.0,55,True,False,False,False,False,False,False,True,False,True,False,False,False,False,True
19.26,21,6.0,67,False,False,False,False,True,False,False,True,False,False,True,False,False,False,True
4.86,25,4.0,52,False,True,False,False,False,False,False,True,False,True,False,False,False,True,False
5.81,25,8.0,51,False,True,False,False,False,False,True,False,True,False,False,False,True,False,False
7.34,22,8.0,47,False,False,True,False,False,False,True,False,False,True,False,False,True,False,False
17.39,25,4.0,100,False,True,False,False,False,False,False,True,False,False,True,False,True,False,False
5.22,11,9.0,40,False,False,False,True,False,False,True,False,False,True,False,False,True,False,False
12.32,17,4.0,71,True,False,False,False,False,False,False,True,False,True,False,False,False,False,True
2.15,17,6.0,30,False,False,False,False,True,False,False,True,True,False,False,False,False,True,False
9.36,17,2.0,65,False,False,True,False,False,True,False,False,False,False,True,False,False,False,True
2.28,27,9.0,39,True,False,False,False,False,False,False,True,False,True,False,False,False,False,True
14.54,29,2.0,73,True,False,False,False,False,False,False,True,False,True,False,False,True,False,False
12.15,12,6.0,63,True,False,False,False,False,True,False,False,False,False,True,False,False,True,False
1.4,9,9.0,17,False,False,False,False,True,False,True,False,False,True,False,False,True,False,False
3.85,26,3.0,46,False,False,True,False,False,False,False,True,True,False,False,False,True,False,False
17.99,15,3.0,63,False,False,False,True,False,False,True,False,True,False,False,False,True,False,False
16.35,16,0.0,66,True,False,False,False,False,False,False,True,False,False,True,False,True,False,False
19.61,8,6.0,72,True,False,False,False,False,True,False,False,False,True,False,False,True,False,False
16.29,20,1.0,72,True,False,False,False,False,False,True,False,False,False,True,False,True,False,False
7.84,6,4.0,28,False,False,False,False,True,False,True,False,True,False,False,False,True,False,False
18.17,13,0.0,71,False,False,True,False,False,False,True,False,True,False,False,False,False,True,False
13.34,20,6.0,53,True,False,False,False,False,False,False,True,False,False,False,True,True,False,False
4.43,10,1.0,63,False,True,False,False,False,False,True,False,False,False,True,False,False,False,True
2.76,6,2.0,27,False,False,False,False,True,False,False,True,False,False,False,True,True,False,False
1.5,15,4.0,32,False,True,False,False,False,False,False,True,False,True,False,False,False,False,True
11.04,8,2.0,54,True,False,False,False,False,False,False,True,True,False,False,False,False,False,True
18.26,28,7.0,93,False,False,True,False,False,True,False,False,False,False,False,True,False,False,True
3.88,27,9.0,42,False,True,False,False,False,False,True,False,False,True,False,False,False,True,False
18.07,5,2.0,67,True,False,False,False,False,True,False,False,True,False,False,False,False,False,True
12.11,28,0.0,75,True,False,False,False,False,False,False,True,False,True,False,False,True,False,False
7.08,5,8.0,27,True,False,False,False,False,False,False,True,True,False,False,False,False,False,True
3.12,14,5.0,28,False,False,True,False,False,False,True,False,False,True,False,False,False,False,True
2.03,14,4.0,36,False,True,False,False,False,True,False,False,False,True,False,False,False,True,False
5.42,11,9.0,26,True,False,False,False,False,False,True,False,False,True,False,False,False,False,True
7.8,23,5.0,52,True,False,False,False,False,False,True,False,False,True,False,False,False,False,True
8.47,19,0.0,48,False,False,True,False,False,False,True,False,True,False,False,False,False,False,True
6.79,16,1.0,39,False,False,True,False,False,False,True,False,False,True,False,False,False,False,True
13.6,23,6.0,83,False,False,True,False,False,False,False,True,True,False,False,False,False,False,True
13.06,17,8.0,59,False,False,True,False,False,True,False,False,False,False,True,False,True,False,False
19.93,6,6.0,59,False,False,False,True,False,False,True,False,True,False,False,False,True,False,False
11.3,15,8.0,70,False,False,False,True,False,False,False,True,True,False,False,False,True,False,False
6.74,21,9.0,47,False,False,True,False,False,False,False,True,False,True,False,False,False,True,False
10.49,28,9.0,66,False,False,True,False,False,False,True,False,False,False,True,False,True,False,False
7.15,29,7.0,60,True,False,False,False,False,True,False,False,False,False,False,True,False,True,False
15.94,24,2.0,77,True,False,False,False,False,False,True,False,False,True,False,False,True,False,False
11.26,14,2.0,70,False,True,False,False,False,True,False,False,True,False,False,False,True,False,False
11.87,10,6.0,43,True,False,False,False,False,False,False,True,False,False,True,False,True,False,False
2.83,14,6.0,28,False,False,False,False,True,False,False,True,True,False,False,False,False,False,True
11.74,20,1.0,52,True,False,False,False,False,False,True,False,True,False,False,False,False,True,False
2.71,6,1.0,20,True,False,False,False,False,False,True,False,False,False,True,False,False,False,True
10.47,14,7.0,55,True,False,False,False,False,True,False,False,False,True,False,False,False,False,True
4.5,24,0.0,66,False,False,False,True,False,True,False,False,False,True,False,False,True,False,False
1.23,18,6.0,21,True,False,False,False,False,False,True,False,False,True,False,False,True,False,False
4.83,11,1.0,29,True,False,False,False,False,False,True,False,False,True,False,False,True,False,False
1.51,14,2.0,32,True,False,False,False,False,True,False,False,True,False,False,False,True,False,False
1.62,9,8.0,16,False,False,False,False,True,False,True,False,False,True,False,False,True,False,False
11.31,20,0.0,67,True,False,False,False,False,True,False,False,False,True,False,False,True,False,False
6.05,24,0.0,48,True,False,False,False,False,False,False,True,False,False,True,False,False,True,False
10.14,20,1.0,59,True,False,False,False,False,False,False,True,False,False,True,False,False,False,True
9.45,13,0.0,49,True,False,False,False,False,False,True,False,True,False,False,False,False,True,False
6.8,28,5.0,55,True,False,False,False,False,True,False,False,False,True,False,False,True,False,False
15.65,27,0.0,76,True,False,False,False,False,False,True,False,True,False,False,False,True,False,False
2.26,6,3.0,19,True,False,False,False,False,False,False,True,False,False,True,False,False,False,True
12.05,29,4.0,61,True,False,False,False,False,False,True,False,False,True,False,False,False,False,True
8.25,24,4.0,62,False,False,False,False,True,False,False,True,False,True,False,False,False,True,False
12.85,23,0.0,80,False,False,True,False,False,False,False,True,True,False,False,False,False,False,True
15.14,15,4.0,71,False,False,False,False,True,False,False,True,False,False,True,False,True,False,False
4.59,19,8.0,36,False,True,False,False,False,False,True,False,False,True,False,False,False,False,True
12.02,26,0.0,63,True,False,False,False,False,False,True,False,True,False,False,False,True,False,False
19.8,7,3.0,88,True,False,False,False,False,True,False,False,False,True,False,False,True,False,False
19.27,14,6.0,92,False,True,False,False,False,True,False,False,True,False,False,False,True,False,False
4.92,12,0.0,41,True,False,False,False,False,True,False,False,False,False,True,False,False,False,True
1.63,24,5.0,38,False,False,True,False,False,False,False,True,False,False,False,True,True,False,False
18.04,8,5.0,71,True,False,False,False,False,False,False,True,False,False,True,False,True,False,False
16.4,12,2.0,70,True,False,False,False,False,True,False,False,False,False,True,False,False,False,True
12.01,5,7.0,42,True,False,False,False,False,False,True,False,False,False,True,False,False,True,False
1.22,14,2.0,38,False,True,False,False,False,True,False,False,True,False,False,False,False,False,True
10.36,7,8.0,39,False,False,True,False,False,False,False,True,True,False,False,False,True,False,False
4.31,9,2.0,35,False,False,True,False,False,False,False,True,True,False,False,False,True,False,False
13.32,26,0.0,71,False,False,False,False,True,False,False,True,True,False,False,False,True,False,False
16.1,16,6.0,61,True,False,False,False,False,False,True,False,False,False,True,False,False,True,False
14.11,24,3.0,93,False,False,True,False,False,True,False,False,False,False,True,False,False,False,True
2.84,28,1.0,44,True,False,False,False,False,False,False,True,False,False,False,True,False,False,True
16.09,13,6.0,69,False,False,False,True,False,False,True,False,False,False,True,False,False,True,False
16.05,11,2.0,89,False,False,False,True,False,False,False,True,False,True,False,False,True,False,False
13.37,17,8.0,63,False,False,False,False,True,True,False,False,True,False,False,False,False,False,True
10.16,10,1.0,67,False,False,False,True,False,False,False,True,False,False,False,True,True,False,False
6.13,22,0.0,48,True,False,False,False,False,False,False,True,False,False,False,True,False,False,True
4.96,10,7.0,28,False,False,True,False,False,False,True,False,True,False,False,False,False,True,False
3.0,29,1.0,43,True,False,False,False,False,False,True,False,False,False,True,False,False,False,True
2.23,14,0.0,41,False,False,False,True,False,False,False,True,False,True,False,False,False,True,False
7.8,11,7.0,49,False,False,True,False,False,False,False,True,False,False,True,False,True,False,False
10.9,6,8.0,47,True,False,False,False,False,True,False,False,True,False,False,False,False,False,True
3.17,17,1.0,28,True,False,False,False,False,False,True,False,True,False,False,False,True,False,False
9.39,21,9.0,50,False,False,False,False,True,False,False,True,False,False,True,False,False,False,True
17.44,25,9.0,89,True,False,False,False,False,False,True,False,False,True,False,False,True,False,False
3.02,23,1.0,46,False,False,True,False,False,False,False,True,False,False,True,False,True,False,False
19.99,17,1.0,112,False,False,True,False,False,True,False,False,False,True,False,False,True,False,False
16.22,22,0.0,102,False,False,True,False,False,True,False,False,False,True,False,False,True,False,False
2.74,18,9.0,37,True,False,False,False,False,True,False,False,True,False,False,False,True,False,False
5.74,13,9.0,46,False,False,True,False,False,True,False,False,False,True,False,False,True,False,False
9.75,22,7.0,50,True,False,False,False,False,False,True,False,True,False,False,False,True,False,False
15.62,23,7.0,78,False,False,True,False,False,False,False,True,True,False,False,False,False,False,True
16.54,25,7.0,77,False,False,True,False,False,False,False,True,True,False,False,False,True,False,False
7.84,7,8.0,36,False,False,True,False,False,False,True,False,False,False,True,False,False,False,True
11.08,16,6.0,70,False,False,False,False,True,True,False,False,True,False,False,False,True,False,False
17.61,21,9.0,79,True,False,False,False,False,False,False,True,False,True,False,False,False,False,True
8.28,29,7.0,58,False,False,False,True,False,False,True,False,False,True,False,False,False,True,False
15.32,17,6.0,80,True,False,False,False,False,False,False,True,False,False,True,False,True,False,False
3.83,27,3.0,49,False,False,True,False,False,False,True,False,False,True,False,False,False,True,False
19.75,25,1.0,103,True,False,False,False,False,False,False,True,False,False,True,False,True,False,False
15.19,6,4.0,53,False,True,False,False,False,False,True,False,False,True,False,False,False,False,True
18.63,11,5.0,85,False,False,False,False,True,False,True,False,True,False,False,False,True,False,False
12.74,18,0.0,67,True,False,False,False,False,False,True,False,False,False,False,True,False,False,True
18.13,21,2.0,88,False,False,True,False,False,True,False,False,False,True,False,False,True,False,False
2.47,22,6.0,34,False,False,True,False,False,False,True,False,True,False,False,False,False,True,False
18.15,11,2.0,89,False,False,False,False,True,False,False,True,False,False,True,False,True,False,False
1.74,8,9.0,28,False,True,False,False,False,True,False,False,True,False,False,False,False,False,True
5.79,26,6.0,49,False,False,False,False,True,False,False,True,False,False,True,False,True,False,False
5.75,7,4.0,37,False,False,False,False,True,True,False,False,False,False,True,False,False,False,True
17.41,20,4.0,80,False,False,False,True,False,False,False,True,False,True,False,False,True,False,False
1.2,24,7.0,33,False,False,True,False,False,False,True,False,False,False,True,False,False,False,True
8.07,21,4.0,48,False,False,False,False,True,False,True,False,False,True,False,False,True,False,False
1.88,24,7.0,35,True,False,False,False,False,False,False,True,False,False,True,False,False,False,True
0.72,9,2.0,23,False,False,True,False,False,False,False,True,True,False,False,False,False,False,True
14.19,9,1.0,57,True,False,False,False,False,False,False,True,True,False,False,False,True,False,False
16.73,9,7.0,71,False,False,False,False,True,True,False,False,True,False,False,False,False,False,True
18.53,8,8.0,57,False,False,True,False,False,False,True,False,True,False,False,False,False,False,True
4.32,21,9.0,34,True,False,False,False,False,False,True,False,False,False,True,False,True,False,False
13.6,9,7.0,61,False,True,False,False,False,True,False,False,False,True,False,False,True,False,False
18.46,19,9.0,94,False,False,True,False,False,False,True,False,False,False,True,False,True,False,False
7.67,9,2.0,31,False,False,False,False,True,False,True,False,False,False,True,False,False,True,False
8.23,17,3.0,56,False,False,False,True,False,False,True,False,False,True,False,False,True,False,False
13.44,29,0.0,63,True,False,False,False,False,False,True,False,False,False,False,True,True,False,False
15.04,24,5.0,60,True,False,False,False,False,False,True,False,False,False,True,False,False,True,False
7.48,21,4.0,52,True,False,False,False,False,False,False,True,False,False,True,False,False,True,False
10.88,13,3.0,52,False,False,False,True,False,False,True,False,True,False,False,False,False,True,False
13.97,14,8.0,52,False,False,False,True,False,False,True,False,False,True,False,False,False,False,True
3.48,9,1.0,31,False,True,False,False,False,False,True,False,True,False,False,False,False,False,True
10.73,6,6.0,35,False,True,False,False,False,False,True,False,False,False,True,False,True,False,False
5.18,9,2.0,30,True,False,False,False,False,False,False,True,True,False,False,False,False,True,False
8.47,24,0.0,68,False,True,False,False,False,False,False,True,False,True,False,False,True,False,False
19.29,7,8.0,84,False,False,False,False,True,False,False,True,False,True,False,False,False,False,True
3.98,19,3.0,41,True,False,False,False,False,True,False,False,False,False,False,True,False,True,False
6.06,10,8.0,41,False,True,False,False,False,False,True,False,True,False,False,False,False,False,True
6.72,8,5.0,31,False,True,False,False,False,False,True,False,False,True,False,False,True,False,False
19.04,27,2.0,85,True,False,False,False,False,False,False,True,False,False,True,False,False,False,True
14.28,23,5.0,77,False,False,False,False,True,True,False,False,True,False,False,False,False,False,True
16.26,16,6.0,70,False,False,True,False,False,True,False,False,False,False,True,False,True,False,False
4.25,5,4.0,22,True,False,False,False,False,False,True,False,True,False,False,False,True,False,False
12.26,20,2.0,66,True,False,False,False,False,False,True,False,True,False,False,False,True,False,False
19.81,27,1.0,74,True,False,False,False,False,False,True,False,True,False,False,False,True,False,False
18.2,27,1.0,108,False,False,False,False,True,False,False,True,False,False,True,False,True,False,False
12.85,14,8.0,73,False,False,True,False,False,False,False,True,False,False,True,False,False,False,True
6.91,27,8.0,91,True,False,False,False,False,False,True,False,False,True,False,False,True,False,False
9.64,10,5.0,46,True,False,False,False,False,False,True,False,False,False,True,False,True,False,False
9.64,14,6.0,52,False,False,True,False,False,False,False,True,False,True,False,False,True,False,False
2.28,27,6.0,44,False,True,False,False,False,False,False,True,False,False,True,False,False,False,True
15.34,18,6.0,54,False,False,True,False,False,False,True,False,True,False,False,False,True,False,False
3.22,14,8.0,34,False,False,True,False,False,False,False,True,False,False,False,True,True,False,False
9.71,8,1.0,49,True,False,False,False,False,False,True,False,False,False,True,False,True,False,False
17.18,13,1.0,62,True,False,False,False,False,False,False,True,False,False,False,True,False,False,True
5.3,29,3.0,47,True,False,False,False,False,False,False,True,True,False,False,False,False,False,True
10.0,6,9.0,47,True,False,False,False,False,False,False,True,True,False,False,False,False,False,True
10.75,8,6.0,60,False,False,True,False,False,False,False,True,False,False,True,False,True,False,False
9.49,23,6.0,53,False,False,True,False,False,False,False,True,False,False,True,False,False,True,False
7.24,28,7.0,57,True,False,False,False,False,False,False,True,True,False,False,False,True,False,False
16.09,21,8.0,66,False,False,True,False,False,False,True,False,False,False,True,False,True,False,False
15.53,26,6.0,83,True,False,False,False,False,False,True,False,False,False,True,False,True,False,False
19.41,11,8.0,62,False,False,False,False,True,False,True,False,False,False,True,False,True,False,False
17.24,17,5.0,69,True,False,False,False,False,False,True,False,False,True,False,False,True,False,False
18.23,27,9.0,86,False,False,True,False,False,False,True,False,True,False,False,False,False,False,True
1.17,16,9.0,25,True,False,False,False,False,False,False,True,False,False,True,False,True,False,False
5.33,29,1.0,51,True,False,False,False,False,False,True,False,False,True,False,False,False,True,False
4.14,23,2.0,41,False,False,True,False,False,False,True,False,False,False,True,False,True,False,False
2.02,28,5.0,44,True,False,False,False,False,True,False,False,False,True,False,False,True,False,False
14.46,11,9.0,68,False,False,True,False,False,False,False,True,False,False,True,False,False,False,True
3.86,21,8.0,34,True,False,False,False,False,False,False,True,True,False,False,False,True,False,False
12.59,13,9.0,62,False,False,False,False,True,False,False,True,False,False,True,False,True,False,False
1.11,22,8.0,35,True,False,False,False,False,True,False,False,False,False,True,False,False,False,True
9.11,19,6.0,42,True,False,False,False,False,False,True,False,True,False,False,False,True,False,False
18.77,24,0.0,115,False,False,False,True,False,False,False,True,False,True,False,False,True,False,False
16.35,16,6.0,67,False,True,False,False,False,False,False,True,False,False,False,True,True,False,False
6.22,16,9.0,29,True,False,False,False,False,False,True,False,True,False,False,False,True,False,False
7.78,25,3.0,74,False,True,False,False,False,True,False,False,True,False,False,False,True,False,False
0.88,27,2.0,37,False,False,True,False,False,False,True,False,False,False,False,True,False,True,False
16.43,13,5.0,56,True,False,False,False,False,False,True,False,False,True,False,False,True,False,False
8.04,27,0.0,65,True,False,False,False,False,False,False,True,False,True,False,False,False,True,False
18.65,19,2.0,68,False,True,False,False,False,False,True,False,False,False,False,True,False,True,False
5.73,7,2.0,30,False,True,False,False,False,False,True,False,False,False,True,False,False,False,True
12.42,28,9.0,79,False,False,True,False,False,False,True,False,False,True,False,False,True,False,False
2.11,28,5.0,34,True,False,False,False,False,False,True,False,True,False,False,False,False,False,True
18.62,27,6.0,75,True,False,False,False,False,False,True,False,False,True,False,False,False,False,True
17.61,19,3.0,80,True,False,False,False,False,False,False,True,False,False,True,False,False,False,True
10.62,7,2.0,48,False,False,True,False,False,False,False,True,False,False,False,True,True,False,False
14.07,16,9.0,73,True,False,False,False,False,False,False,True,False,False,True,False,True,False,False
9.29,10,9.0,40,True,False,False,False,False,False,False,True,False,True,False,False,True,False,False
1.29,7,7.0,15,False,False,True,False,False,False,True,False,False,True,False,False,True,False,False
4.08,7,0.0,33,False,False,False,False,True,False,False,True,True,False,False,False,True,False,False
19.12,8,0.0,92,False,False,False,False,True,True,False,False,False,True,False,False,False,True,False
17.93,29,4.0,85,True,False,False,False,False,False,False,True,True,False,False,False,True,False,False
3.18,21,3.0,42,False,False,True,False,False,False,False,True,False,True,False,False,True,False,False
1.97,28,7.0,43,True,False,False,False,False,True,False,False,False,False,True,False,False,True,False
6.2,7,3.0,42,False,False,False,False,True,True,False,False,False,True,False,False,False,False,True
1.02,6,8.0,21,False,False,False,False,True,True,False,False,False,True,False,False,True,False,False
5.3,16,5.0,32,True,False,False,False,False,False,True,False,False,True,False,False,True,False,False
9.34,10,0.0,40,False,False,True,False,False,False,True,False,False,True,False,False,False,True,False
10.09,7,0.0,49,True,False,False,False,False,False,False,True,False,True,False,False,True,False,False
15.35,23,9.0,80,False,False,True,False,False,True,False,False,False,False,False,True,False,False,True
17.12,26,3.0,86,False,False,True,False,False,False,True,False,False,False,True,False,True,False,False
3.94,19,3.0,43,False,False,False,True,False,False,True,False,True,False,False,False,True,False,False
14.41,8,8.0,75,False,False,False,True,False,False,False,True,False,True,False,False,True,False,False
11.44,20,2.0,57,False,False,True,False,False,False,False,True,False,True,False,False,False,True,False
15.23,6,0.0,52,False,True,False,False,False,False,True,False,False,False,True,False,False,True,False
1.95,16,2.0,23,True,False,False,False,False,False,True,False,False,False,True,False,False,False,True
11.78,26,3.0,71,True,False,False,False,False,False,True,False,True,False,False,False,False,False,True
3.4,11,6.0,30,False,False,False,False,True,False,False,True,False,False,True,False,True,False,False
2.14,18,3.0,34,True,False,False,False,False,True,False,False,False,True,False,False,True,False,False
10.04,12,9.0,59,False,False,True,False,False,True,False,False,True,False,False,False,True,False,False
3.7,28,7.0,45,True,False,False,False,False,False,False,True,False,False,True,False,True,False,False
19.73,8,8.0,64,False,False,True,False,False,False,True,False,False,True,False,False,True,False,False
10.83,8,9.0,51,True,False,False,False,False,False,False,True,False,True,False,False,False,False,True
16.3,12,1.0,100,False,True,False,False,False,False,True,False,False,False,True,False,False,True,False
5.98,14,6.0,44,False,True,False,False,False,True,False,False,False,False,True,False,True,False,False
5.98,21,2.0,60,False,False,True,False,False,True,False,False,False,False,True,False,True,False,False
4.14,21,0.0,46,False,True,False,False,False,False,False,True,False,False,True,False,True,False,False
18.69,23,9.0,74,False,False,False,False,True,False,False,True,False,False,False,True,True,False,False
18.44,27,7.0,80,False,False,True,False,False,True,False,False,False,False,True,False,True,False,False
13.0,22,8.0,65,False,False,False,False,True,True,False,False,False,False,True,False,True,False,False
16.17,10,2.0,116,True,False,False,False,False,False,False,True,False,True,False,False,False,True,False
17.88,29,3.0,98,True,False,False,False,False,False,False,True,False,True,False,False,True,False,False
5.23,19,4.0,37,True,False,False,False,False,False,False,True,False,False,True,False,False,False,True
9.09,6,7.0,43,False,False,True,False,False,False,False,True,False,False,True,False,True,False,False
12.67,7,3.0,43,False,False,False,False,True,False,False,True,False,False,True,False,False,False,True
1.85,10,1.0,24,True,False,False,False,False,False,False,True,False,True,False,False,True,False,False
7.51,27,6.0,50,False,False,True,False,False,False,True,False,False,True,False,False,False,True,False
6.58,13,1.0,34,True,False,False,False,False,False,True,False,True,False,False,False,True,False,False
12.7,22,2.0,57,True,False,False,False,False,False,True,False,False,False,True,False,False,False,True
7.31,26,2.0,65,False,True,False,False,False,False,False,True,True,False,False,False,True,False,False
9.2,9,9.0,48,True,False,False,False,False,True,False,False,False,False,True,False,False,False,True
10.22,21,0.0,61,False,True,False,False,False,False,True,False,True,False,False,False,False,False,True
8.15,12,9.0,43,True,False,False,False,False,True,False,False,False,True,False,False,False,False,True
10.61,17,0.0,59,True,False,False,False,False,False,False,True,False,False,True,False,True,False,False
7.73,29,5.0,58,True,False,False,False,False,True,False,False,False,False,False,True,True,False,False
19.66,19,6.0,70,True,False,False,False,False,False,True,False,False,False,True,False,False,True,False
14.66,5,6.0,71,False,False,False,True,False,True,False,False,False,False,True,False,False,True,False
9.73,29,6.0,60,True,False,False,False,False,False,True,False,True,False,False,False,True,False,False
14.52,26,5.0,86,True,False,False,False,False,False,False,True,True,False,False,False,False,True,False
4.94,28,4.0,63,False,False,True,False,False,True,False,False,False,True,False,False,False,False,True
11.88,29,9.0,78,False,False,True,False,False,True,False,False,True,False,False,False,False,True,False
19.41,7,6.0,66,False,True,False,False,False,False,False,True,False,False,True,False,False,True,False
11.06,6,9.0,53,True,False,False,False,False,True,False,False,False,True,False,False,True,False,False
10.2,18,9.0,56,False,False,True,False,False,False,False,True,True,False,False,False,True,False,False
0.74,13,4.0,21,False,False,True,False,False,False,True,False,False,False,True,False,False,True,False
15.21,20,9.0,90,False,False,False,True,False,False,False,True,True,False,False,False,True,False,False
7.69,16,3.0,58,False,False,True,False,False,True,False,False,False,False,True,False,False,False,True
11.21,23,1.0,76,True,False,False,False,False,True,False,False,True,False,False,False,False,False,True
6.18,9,9.0,35,True,False,False,False,False,False,False,True,False,True,False,False,True,False,False
2.71,6,5.0,19,True,False,False,False,False,False,False,True,False,False,True,False,False,True,False
3.49,17,2.0,38,True,False,False,False,False,False,False,True,False,False,True,False,True,False,False
9.29,17,2.0,49,True,False,False,False,False,False,False,True,False,False,True,False,True,False,False
0.71,29,1.0,41,False,True,False,False,False,False,True,False,False,False,False,True,True,False,False
5.32,27,2.0,48,False,False,True,False,False,False,True,False,True,False,False,False,False,False,True
4.1,18,3.0,38,True,False,False,False,False,False,False,True,False,True,False,False,False,True,False
3.9,25,9.0,54,False,False,True,False,False,True,False,False,False,False,True,False,False,True,False
18.6,28,9.0,77,False,False,True,False,False,False,False,True,False,False,True,False,False,True,False
14.88,10,0.0,64,False,False,False,True,False,False,False,True,False,True,False,False,True,False,False
3.63,22,9.0,39,False,False,False,False,True,False,False,True,False,False,True,False,False,True,False
3.22,7,7.0,27,False,False,False,False,True,True,False,False,False,False,True,False,False,True,False
11.51,5,7.0,57,False,True,False,False,False,False,True,False,True,False,False,False,False,True,False
19.72,27,6.0,109,False,False,True,False,False,False,True,False,True,False,False,False,True,False,False
11.08,28,2.0,58,True,False,False,False,False,False,True,False,False,True,False,False,False,False,True
3.95,28,5.0,47,True,False,False,False,False,False,False,True,False,False,True,False,False,True,False
7.29,11,7.0,48,True,False,False,False,False,True,False,False,False,True,False,False,False,True,False
10.3,12,7.0,41,True,False,False,False,False,False,True,False,False,False,True,False,False,True,False
10.73,27,6.0,83,False,False,True,False,False,True,False,False,True,False,False,False,False,True,False
17.28,28,3.0,72,True,False,False,False,False,False,True,False,False,False,True,False,False,True,False
13.37,16,9.0,71,False,True,False,False,False,False,False,True,False,True,False,False,False,False,True
11.36,8,2.0,52,True,False,False,False,False,False,False,True,False,False,True,False,False,False,True
7.58,19,9.0,57,True,False,False,False,False,True,False,False,True,False,False,False,False,False,True
2.32,23,1.0,32,True,False,False,False,False,False,True,False,True,False,False,False,False,False,True
17.49,27,9.0,97,False,False,True,False,False,False,True,False,False,True,False,False,True,False,False
7.15,15,3.0,42,False,False,False,False,True,False,True,False,False,False,True,False,True,False,False
15.88,17,1.0,68,False,False,True,False,False,False,True,False,False,True,False,False,False,True,False
14.95,13,7.0,49,True,False,False,False,False,False,False,True,False,False,True,False,True,False,False
11.36,6,4.0,47,False,True,False,False,False,False,True,False,True,False,False,False,True,False,False
12.14,12,0.0,65,False,True,False,False,False,True,False,False,True,False,False,False,True,False,False
16.31,14,7.0,71,False,True,False,False,False,False,False,True,True,False,False,False,False,True,False
14.7,24,5.0,75,True,False,False,False,False,False,False,True,False,True,False,False,False,False,True
13.42,6,6.0,105,False,False,True,False,False,False,False,True,False,True,False,False,True,False,False
15.35,5,3.0,56,False,True,False,False,False,False,True,False,False,False,True,False,False,True,False
15.12,14,1.0,58,False,True,False,False,False,False,True,False,False,False,True,False,True,False,False
0.82,18,9.0,23,False,False,False,False,True,False,True,False,False,False,True,False,False,True,False
6.43,9,7.0,26,True,False,False,False,False,False,True,False,False,True,False,False,False,True,False
8.66,29,3.0,77,False,False,False,True,False,True,False,False,False,False,True,False,True,False,False
11.16,21,4.0,77,False,True,False,False,False,False,False,True,True,False,False,False,False,True,False
1.01,17,7.0,29,True,False,False,False,False,True,False,False,False,False,False,True,True,False,False
3.92,20,9.0,41,False,False,True,False,False,False,False,True,False,False,False,True,True,False,False
12.77,22,8.0,71,False,True,False,False,False,False,True,False,False,False,True,False,True,False,False
2.33,9,2.0,18,True,False,False,False,False,False,True,False,False,True,False,False,True,False,False
2.92,24,4.0,48,False,False,False,False,True,True,False,False,True,False,False,False,True,False,False
13.35,14,4.0,91,False,False,True,False,False,False,True,False,False,True,False,False,False,False,True
5.26,28,8.0,51,False,False,True,False,False,False,False,True,False,True,False,False,False,False,True
4.39,12,8.0,38,False,True,False,False,False,False,False,True,False,False,False,True,True,False,False
8.67,20,4.0,55,False,False,False,False,True,True,False,False,False,False,True,False,True,False,False
16.53,24,9.0,99,False,False,False,True,False,False,True,False,True,False,False,False,False,False,True
13.47,19,4.0,59,True,False,False,False,False,False,False,True,False,True,False,False,True,False,False
18.86,18,1.0,89,False,False,False,True,False,False,False,True,False,False,False,True,True,False,False
12.81,12,2.0,51,True,False,False,False,False,False,True,False,False,False,True,False,True,False,False
2.4,27,5.0,42,False,False,False,True,False,False,True,False,False,False,False,True,False,False,True
7.44,6,1.0,39,False,False,True,False,False,False,False,True,False,True,False,False,True,False,False
1.89,13,7.0,22,True,False,False,False,False,False,False,True,False,True,False,False,False,False,True
19.28,21,3.0,101,False,False,False,True,False,False,False,True,False,False,True,False,False,True,False
1.81,23,3.0,34,True,False,False,False,False,False,False,True,True,False,False,False,False,True,False
1.74,23,2.0,34,True,False,False,False,False,False,False,True,False,False,False,True,True,False,False
13.44,22,1.0,79,True,False,False,False,False,False,False,True,False,False,True,False,False,True,False
4.5,20,6.0,32,False,False,False,False,True,False,True,False,False,True,False,False,False,False,True
8.31,6,5.0,44,False,False,False,False,True,False,False,True,False,False,True,False,True,False,False
16.37,26,7.0,97,True,False,False,False,False,True,False,False,False,False,True,False,True,False,False
9.78,18,3.0,58,True,False,False,False,False,False,False,True,True,False,False,False,True,False,False
4.88,26,7.0,48,False,False,False,False,True,False,False,True,True,False,False,False,False,False,True
11.54,10,0.0,56,True,False,False,False,False,True,False,False,True,False,False,False,False,True,False
5.56,19,5.0,31,True,False,False,False,False,False,True,False,True,False,False,False,False,False,True
3.47,24,9.0,53,False,False,False,True,False,True,False,False,False,False,False,True,True,False,False
12.01,26,6.0,57,True,False,False,False,False,False,True,False,False,False,True,False,False,False,True
15.98,21,6.0,90,False,True,False,False,False,False,True,False,False,False,True,False,False,True,False
3.64,16,3.0,26,True,False,False,False,False,False,True,False,False,False,True,False,False,False,True
19.47,16,8.0,83,True,False,False,False,False,False,True,False,False,False,True,False,True,False,False
15.51,10,8.0,81,False,False,True,False,False,False,False,True,False,False,True,False,False,False,True
10.42,28,3.0,72,False,False,False,False,True,False,False,True,True,False,False,False,True,False,False
15.9,19,5.0,78,False,False,True,False,False,False,True,False,False,True,False,False,False,True,False
15.17,25,4.0,77,False,False,False,False,True,False,True,False,False,False,True,False,True,False,False
1.98,22,0.0,39,False,False,True,False,False,False,True,False,True,False,False,False,True,False,False
14.03,17,2.0,65,True,False,False,False,False,False,True,False,True,False,False,False,True,False,False
2.06,22,4.0,40,False,True,False,False,False,False,False,True,False,True,False,False,False,False,True
11.02,22,2.0,70,True,False,False,False,False,True,False,False,False,False,True,False,False,False,True
5.17,29,0.0,56,False,True,False,False,False,False,True,False,False,False,True,False,True,False,False
16.62,26,8.0,94,False,False,False,True,False,False,True,False,True,False,False,False,True,False,False
0.71,25,8.0,31,False,False,True,False,False,False,True,False,False,False,True,False,False,True,False
13.1,28,2.0,72,True,False,False,False,False,False,True,False,False,True,False,False,True,False,False
19.24,9,7.0,75,False,False,True,False,False,True,False,False,True,False,False,False,True,False,False
5.35,24,6.0,43,True,False,False,False,False,False,False,True,True,False,False,False,False,False,True
12.22,15,0.0,56,True,False,False,False,False,False,True,False,False,True,False,False,False,False,True
18.55,11,9.0,69,True,False,False,False,False,False,True,False,True,False,False,False,False,True,False
6.44,18,2.0,43,True,False,False,False,False,False,True,False,True,False,False,False,False,True,False
8.77,14,7.0,49,False,True,False,False,False,False,False,True,False,True,False,False,False,True,False
10.97,27,3.0,51,True,False,False,False,False,False,True,False,True,False,False,False,False,False,True
6.68,10,5.0,44,True,False,False,False,False,True,False,False,False,False,True,False,False,False,True
12.93,25,0.0,61,False,False,True,False,False,False,True,False,True,False,False,False,False,False,True
7.99,18,4.0,42,True,False,False,False,False,False,False,True,False,True,False,False,True,False,False
15.78,12,1.0,68,True,False,False,False,False,True,False,False,True,False,False,False,False,False,True
9.95,21,5.0,72,False,False,False,False,True,True,False,False,False,True,False,False,False,False,True
13.47,7,6.0,46,False,False,True,False,False,False,True,False,True,False,False,False,False,False,True
17.19,11,8.0,76,True,False,False,False,False,False,False,True,True,False,False,False,True,False,False
3.23,17,9.0,33,True,False,False,False,False,True,False,False,True,False,False,False,True,False,False
1.27,25,9.0,46,False,True,False,False,False,True,False,False,True,False,False,False,True,False,False
4.71,20,6.0,31,True,False,False,False,False,False,True,False,False,False,True,False,True,False,False
12.82,28,9.0,72,False,False,True,False,False,False,False,True,False,True,False,False,True,False,False
9.51,26,9.0,63,True,False,False,False,False,True,False,False,False,False,True,False,True,False,False
0.89,9,0.0,20,False,False,True,False,False,False,True,False,False,False,True,False,False,True,False
5.24,26,8.0,51,False,False,False,False,True,True,False,False,True,False,False,False,False,False,True
10.64,11,9.0,36,False,False,False,False,True,False,True,False,False,True,False,False,False,True,False
13.23,20,8.0,70,True,False,False,False,False,False,False,True,False,False,False,True,True,False,False
19.03,8,8.0,65,True,False,False,False,False,False,False,True,False,False,True,False,False,False,True
10.3,29,0.0,73,False,False,True,False,False,False,True,False,False,True,False,False,True,False,False
12.39,14,8.0,56,False,False,False,True,False,False,False,True,False,True,False,False,True,False,False
18.8,23,7.0,95,True,False,False,False,False,True,False,False,True,False,False,False,True,False,False
16.78,22,1.0,70,False,False,True,False,False,False,False,True,False,False,True,False,True,False,False
7.85,7,9.0,34,True,False,False,False,False,False,True,False,True,False,False,False,False,False,True
11.63,29,7.0,57,True,False,False,False,False,False,False,True,False,False,False,True,False,False,True
7.8,17,6.0,44,False,False,False,False,True,False,False,True,True,False,False,False,False,True,False
11.88,5,1.0,63,False,False,True,False,False,False,False,True,True,False,False,False,True,False,False
14.89,22,9.0,88,True,False,False,False,False,True,False,False,False,True,False,False,False,True,False
18.01,14,2.0,71,False,True,False,False,False,True,False,False,False,False,False,True,True,False,False
10.32,24,5.0,49,True,False,False,False,False,False,False,True,False,False,False,True,False,True,False
6.37,29,4.0,56,False,False,True,False,False,False,True,False,True,False,False,False,False,True,False
3.74,19,6.0,36,False,False,True,False,False,False,True,False,False,False,True,False,True,False,False
17.99,5,1.0,73,False,False,False,False,True,True,False,False,False,True,False,False,True,False,False
13.96,5,1.0,42,False,False,True,False,False,False,True,False,False,False,False,True,True,False,False
16.02,20,7.0,61,True,False,False,False,False,False,True,False,False,True,False,False,True,False,False
2.51,16,2.0,28,True,False,False,False,False,False,True,False,False,False,True,False,True,False,False
6.7,23,3.0,59,False,True,False,False,False,True,False,False,False,False,True,False,False,False,True
17.61,5,8.0,61,False,False,False,False,True,False,True,False,False,False,True,False,True,False,False
3.65,29,9.0,46,True,False,False,False,False,False,False,True,False,False,True,False,True,False,False
14.27,24,3.0,77,True,False,False,False,False,False,False,True,False,False,False,True,False,True,False
8.85,11,9.0,45,True,False,False,False,False,False,True,False,True,False,False,False,True,False,False
19.7,16,6.0,66,False,False,True,False,False,False,True,False,False,True,False,False,False,True,False
11.61,19,1.0,67,True,False,False,False,False,True,False,False,False,False,True,False,False,True,False
16.44,8,0.0,80,False,False,False,False,True,True,False,False,True,False,False,False,False,True,False
8.67,12,7.0,104,False,False,True,False,False,True,False,False,True,False,False,False,True,False,False
5.14,23,7.0,43,True,False,False,False,False,False,False,True,False,True,False,False,False,False,True
5.23,23,2.0,47,True,False,False,False,False,False,False,True,False,False,True,False,False,False,True
10.35,7,9.0,48,True,False,False,False,False,False,False,True,False,False,False,True,True,False,False
4.04,14,6.0,39,False,False,True,False,False,True,False,False,False,True,False,False,True,False,False
2.66,16,8.0,21,True,False,False,False,False,False,True,False,True,False,False,False,True,False,False
17.61,9,5.0,74,False,True,False,False,False,False,False,True,True,False,False,False,True,False,False
8.48,11,5.0,39,True,False,False,False,False,True,False,False,False,False,False,True,True,False,False
17.06,9,9.0,66,True,False,False,False,False,False,True,False,False,True,False,False,True,False,False
6.78,18,6.0,42,False,True,False,False,False,False,True,False,False,False,False,True,True,False,False
9.0,29,3.0,78,False,False,False,True,False,False,False,True,True,False,False,False,False,True,False
12.74,12,0.0,63,True,False,False,False,False,False,True,False,True,False,False,False,False,False,True
18.72,17,0.0,89,False,False,True,False,False,False,False,True,True,False,False,False,True,False,False
12.56,22,8.0,49,True,False,False,False,False,False,True,False,False,False,True,False,False,True,False
1.0,28,0.0,51,False,False,False,True,False,False,False,True,False,False,True,False,True,False,False
3.46,24,6.0,37,True,False,False,False,False,False,True,False,False,False,True,False,True,False,False
6.0,20,8.0,53,False,False,False,True,False,False,True,False,False,False,True,False,False,True,False
14.79,12,9.0,64,True,False,False,False,False,False,False,True,False,False,True,False,False,False,True
14.65,19,3.0,95,False,False,False,True,False,True,False,False,False,False,True,False,False,True,False
14.2,17,1.0,73,True,False,False,False,False,False,False,True,True,False,False,False,True,False,False
7.04,11,8.0,38,True,False,False,False,False,False,True,False,True,False,False,False,True,False,False
11.88,20,8.0,69,False,False,True,False,False,False,False,True,False,True,False,False,True,False,False
18.63,26,8.0,75,True,False,False,False,False,False,True,False,False,True,False,False,True,False,False
8.8,6,2.0,38,False,False,True,False,False,False,False,True,True,False,False,False,True,False,False
11.75,9,2.0,55,True,False,False,False,False,True,False,False,False,False,True,False,True,False,False
18.95,27,0.0,92,False,False,False,True,False,False,True,False,False,False,True,False,False,True,False
7.6,16,4.0,48,False,True,False,False,False,False,True,False,False,False,True,False,True,False,False
17.99,11,2.0,84,False,True,False,False,False,False,True,False,False,False,True,False,False,True,False
13.82,21,9.0,72,True,False,False,False,False,False,False,True,False,True,False,False,True,False,False
15.53,26,7.0,68,False,True,False,False,False,False,True,False,False,True,False,False,True,False,False
3.97,19,8.0,40,True,False,False,False,False,True,False,False,True,False,False,False,True,False,False
10.1,17,6.0,55,True,False,False,False,False,True,False,False,False,False,True,False,False,True,False
18.21,5,1.0,70,False,True,False,False,False,False,True,False,False,False,True,False,True,False,False
2.68,16,8.0,25,True,False,False,False,False,False,True,False,False,False,True,False,True,False,False
3.88,9,6.0,33,False,False,False,True,False,False,True,False,False,False,True,False,True,False,False
15.89,15,9.0,91,False,False,False,True,False,False,False,True,True,False,False,False,False,True,False
6.73,21,1.0,54,True,False,False,False,False,False,False,True,True,False,False,False,True,False,False
0.75,10,5.0,16,True,False,False,False,False,False,False,True,True,False,False,False,True,False,False
13.79,11,0.0,69,False,False,True,False,False,False,True,False,False,False,False,True,False,False,True
18.83,5,8.0,69,True,False,False,False,False,False,False,True,False,True,False,False,False,False,True
11.62,9,8.0,33,True,False,False,False,False,False,True,False,True,False,False,False,True,False,False
15.08,26,1.0,94,False,False,True,False,False,False,False,True,False,True,False,False,False,False,True
10.48,10,7.0,45,False,False,True,False,False,False,True,False,True,False,False,False,False,True,False
7.82,16,8.0,45,False,False,True,False,False,False,False,True,False,True,False,False,True,False,False
14.83,19,4.0,126,False,False,True,False,False,False,True,False,False,False,True,False,False,True,False
5.67,11,9.0,27,True,False,False,False,False,False,True,False,False,False,True,False,False,False,True
18.33,5,5.0,67,False,False,False,True,False,False,False,True,False,False,True,False,False,False,True
1.34,9,5.0,30,False,True,False,False,False,True,False,False,False,True,False,False,True,False,False
1.38,13,9.0,17,True,False,False,False,False,False,True,False,False,False,True,False,False,False,True
7.86,22,2.0,55,False,False,False,False,True,False,False,True,False,False,True,False,False,True,False
8.98,22,8.0,105,True,False,False,False,False,False,False,True,True,False,False,False,False,False,True
12.85,6,7.0,61,False,False,True,False,False,False,False,True,False,True,False,False,False,False,True
17.91,6,7.0,68,True,False,False,False,False,False,True,False,True,False,False,False,True,False,False
15.09,20,7.0,68,False,False,False,True,False,False,True,False,False,False,True,False,False,True,False
4.22,16,7.0,35,True,False,False,False,False,False,False,True,False,False,True,False,True,False,False
12.33,7,2.0,101,True,False,False,False,False,True,False,False,False,False,False,True,True,False,False
17.87,29,4.0,87,False,False,False,True,False,False,True,False,False,False,True,False,False,False,True
2.16,10,1.0,23,True,False,False,False,False,False,False,True,False,False,False,True,False,True,False
3.11,21,1.0,43,False,False,True,False,False,False,False,True,False,False,True,False,False,False,True
1.42,24,2.0,40,True,False,False,False,False,True,False,False,True,False,False,False,False,False,True
18.57,16,7.0,89,False,False,True,False,False,False,False,True,True,False,False,False,True,False,False
17.51,15,3.0,60,True,False,False,False,False,False,False,True,False,True,False,False,True,False,False
6.84,25,1.0,51,True,False,False,False,False,False,False,True,False,True,False,False,True,False,False
3.51,22,2.0,44,False,False,False,False,True,False,False,True,False,False,False,True,True,False,False
14.7,6,2.0,58,True,False,False,False,False,False,False,True,False,False,True,False,False,False,True
16.85,17,4.0,71,True,False,False,False,False,True,False,False,False,False,True,False,False,True,False
16.26,27,5.0,66,False,False,True,False,False,False,True,False,False,False,True,False,False,True,False
19.1,25,6.0,90,False,False,False,True,False,False,False,True,False,False,True,False,True,False,False
13.71,22,9.0,64,False,False,True,False,False,False,False,True,False,True,False,False,True,False,False
14.58,23,0.0,70,True,False,False,False,False,False,True,False,False,True,False,False,True,False,False
9.71,27,5.0,61,True,False,False,False,False,False,True,False,True,False,False,False,False,True,False
19.94,26,6.0,83,True,False,False,False,False,False,True,False,True,False,False,False,True,False,False
4.53,18,4.0,49,False,False,False,True,False,False,False,True,False,False,True,False,False,False,True
10.7,8,4.0,57,True,False,False,False,False,True,False,False,True,False,False,False,False,True,False
10.13,22,0.0,65,True,False,False,False,False,False,False,True,False,True,False,False,True,False,False
0.78,11,0.0,18,True,False,False,False,False,False,True,False,True,False,False,False,True,False,False
18.84,25,8.0,88,False,True,False,False,False,False,False,True,True,False,False,False,False,False,True
15.08,29,7.0,84,False,False,False,True,False,False,True,False,False,True,False,False,True,False,False
17.32,10,3.0,77,True,False,False,False,False,False,True,False,False,True,False,False,False,False,True
6.81,23,2.0,47,True,False,False,False,False,False,False,True,False,True,False,False,True,False,False
2.79,23,7.0,38,True,False,False,False,False,True,False,False,False,False,True,False,True,False,False
11.44,14,4.0,74,False,True,False,False,False,True,False,False,True,False,False,False,False,True,False
2.44,13,9.0,39,False,False,False,True,False,True,False,False,False,True,False,False,True,False,False
2.48,20,8.0,30,False,False,True,False,False,False,True,False,False,True,False,False,False,False,True
0.85,9,8.0,17,True,False,False,False,False,False,False,True,False,False,True,False,True,False,False
8.87,19,3.0,55,True,False,False,False,False,False,True,False,False,True,False,False,True,False,False
15.37,15,5.0,66,False,False,False,True,False,False,False,True,True,False,False,False,False,True,False
10.29,25,4.0,67,False,True,False,False,False,False,False,True,False,True,False,False,False,False,True
15.06,22,4.0,65,False,False,True,False,False,False,True,False,False,False,True,False,True,False,False
7.17,7,9.0,29,True,False,False,False,False,False,False,True,False,False,True,False,False,False,True
4.62,8,3.0,33,False,False,True,False,False,False,False,True,True,False,False,False,False,True,False
5.53,10,8.0,27,True,False,False,False,False,False,True,False,False,False,True,False,False,True,False
12.74,17,9.0,63,False,False,True,False,False,False,True,False,True,False,False,False,True,False,False
9.06,26,3.0,61,True,False,False,False,False,True,False,False,False,True,False,False,True,False,False
2.71,6,0.0,28,False,True,False,False,False,False,True,False,False,False,True,False,True,False,False
16.92,23,5.0,78,True,False,False,False,False,False,True,False,False,False,False,True,True,False,False
13.54,11,1.0,54,False,True,False,False,False,False,True,False,False,False,True,False,True,False,False
1.0,25,4.0,44,False,False,False,True,False,False,False,True,False,False,True,False,True,False,False
8.77,12,2.0,42,True,False,False,False,False,False,False,True,False,False,True,False,False,True,False
16.01,28,0.0,84,False,False,False,False,True,False,True,False,False,False,True,False,False,True,False
12.63,8,8.0,49,False,True,False,False,False,False,False,True,False,False,False,True,False,False,True
8.09,22,2.0,56,False,True,False,False,False,False,True,False,False,True,False,False,False,True,False
6.54,10,7.0,39,True,False,False,False,False,False,False,True,False,False,False,True,True,False,False
10.64,14,5.0,45,True,False,False,False,False,False,False,True,True,False,False,False,False,False,True
1.77,14,9.0,22,True,False,False,False,False,False,False,True,False,True,False,False,True,False,False
13.0,25,7.0,77,False,True,False,False,False,False,True,False,False,True,False,False,True,False,False
12.83,5,8.0,50,True,False,False,False,False,False,True,False,False,True,False,False,True,False,False
13.02,6,9.0,65,False,False,False,True,False,True,False,False,True,False,False,False,False,True,False
18.89,22,1.0,74,False,False,True,False,False,False,False,True,False,False,True,False,False,False,True
10.53,25,8.0,72,False,True,False,False,False,True,False,False,False,True,False,False,True,False,False
5.01,10,5.0,31,False,False,True,False,False,False,True,False,True,False,False,False,True,False,False
16.0,13,3.0,65,False,True,False,False,False,False,False,True,True,False,False,False,False,False,True
17.86,16,8.0,83,True,False,False,False,False,False,True,False,True,False,False,False,False,False,True
2.99,9,5.0,90,False,True,False,False,False,True,False,False,True,False,False,False,True,False,False
16.38,6,2.0,51,True,False,False,False,False,False,False,True,False,False,True,False,True,False,False
6.09,7,4.0,27,True,False,False,False,False,False,False,True,False,False,False,True,True,False,False
13.61,26,0.0,66,True,False,False,False,False,False,True,False,False,False,True,False,True,False,False
8.5,14,7.0,56,False,False,False,True,False,True,False,False,False,True,False,False,True,False,False
8.55,28,8.0,46,True,False,False,False,False,False,True,False,False,True,False,False,False,False,True
4.05,21,5.0,39,True,False,False,False,False,False,False,True,True,False,False,False,False,False,True
19.5,18,2.0,73,True,False,False,False,False,True,False,False,False,False,True,False,True,False,False
16.66,29,7.0,95,False,False,False,True,False,True,False,False,True,False,False,False,False,False,True
19.41,21,3.0,100,False,False,False,True,False,True,False,False,False,True,False,False,False,True,False
13.74,6,1.0,56,False,True,False,False,False,False,False,True,True,False,False,False,True,False,False
0.64,10,3.0,24,True,False,False,False,False,True,False,False,False,False,False,True,True,False,False
12.1,11,0.0,53,True,False,False,False,False,True,False,False,True,False,False,False,True,False,False
12.09,13,1.0,60,True,False,False,False,False,False,False,True,False,False,True,False,False,True,False
11.82,24,7.0,77,False,False,False,False,True,False,False,True,False,False,False,True,True,False,False
5.28,27,6.0,53,False,True,False,False,False,False,True,False,False,False,True,False,True,False,False
5.98,22,9.0,35,True,False,False,False,False,False,True,False,False,True,False,False,False,True,False
2.93,24,8.0,94,True,False,False,False,False,False,False,True,False,False,True,False,True,False,False
4.05,19,2.0,50,False,False,False,True,False,False,False,True,False,True,False,False,False,False,True
5.91,29,4.0,57,True,False,False,False,False,False,False,True,False,True,False,False,False,False,True
6.0,21,2.0,47,False,False,True,False,False,False,False,True,False,True,False,False,False,False,True
11.33,29,7.0,77,True,False,False,False,False,False,False,True,True,False,False,False,False,False,True
15.01,15,6.0,64,True,False,False,False,False,False,False,True,False,False,True,False,True,False,False
6.85,16,5.0,48,True,False,False,False,False,True,False,False,False,False,True,False,True,False,False
11.93,7,1.0,75,False,False,False,True,False,True,False,False,False,False,True,False,False,True,False
18.82,5,3.0,77,False,False,False,False,True,False,True,False,False,False,True,False,False,True,False
1.03,19,4.0,29,True,False,False,False,False,False,False,True,True,False,False,False,True,False,False
14.75,10,7.0,62,True,False,False,False,False,False,True,False,False,False,True,False,False,True,False
11.7,17,5.0,60,False,False,True,False,False,False,True,False,True,False,False,False,True,False,False
10.68,14,1.0,42,True,False,False,False,False,False,True,False,False,False,True,False,True,False,False
1.51,26,1.0,44,True,False,False,False,False,True,False,False,False,True,False,False,True,False,False
8.01,8,6.0,48,True,False,False,False,False,True,False,False,False,False,True,False,True,False,False
3.23,25,7.0,42,False,False,True,False,False,False,True,False,False,False,True,False,False,True,False
13.16,25,8.0,68,False,False,True,False,False,True,False,False,False,False,True,False,False,False,True
10.11,11,4.0,44,False,False,False,False,True,False,True,False,False,False,True,False,True,False,False
18.39,24,6.0,74,False,False,False,False,True,False,True,False,True,False,False,False,True,False,False
10.62,22,5.0,54,False,False,False,False,True,False,False,True,True,False,False,False,False,True,False
6.23,20,1.0,51,True,False,False,False,False,False,False,True,False,True,False,False,False,True,False
2.14,25,1.0,36,True,False,False,False,False,False,True,False,True,False,False,False,True,False,False
12.83,19,2.0,76,True,False,False,False,False,False,False,True,False,False,True,False,True,False,False
8.37,13,7.0,42,True,False,False,False,False,True,False,False,False,True,False,False,False,False,True
3.69,8,8.0,27,False,False,True,False,False,False,False,True,True,False,False,False,True,False,False
18.1,8,5.0,77,True,False,False,False,False,False,True,False,False,False,True,False,False,False,True
7.06,26,5.0,51,True,False,False,False,False,False,True,False,True,False,False,False,False,False,True
1.94,10,1.0,25,False,True,False,False,False,False,True,False,False,False,False,True,True,False,False
0.59,21,0.0,27,True,False,False,False,False,False,True,False,True,False,False,False,True,False,False
17.01,28,6.0,97,False,False,False,True,False,False,True,False,False,False,False,True,True,False,False
5.36,11,4.0,30,True,False,False,False,False,False,True,False,True,False,False,False,False,False,True
12.0,25,0.0,75,True,False,False,False,False,False,True,False,False,True,False,False,False,True,False
16.23,6,0.0,54,True,False,False,False,False,False,False,True,False,True,False,False,True,False,False
19.04,12,6.0,60,False,False,True,False,False,False,True,False,False,True,False,False,False,True,False
18.33,19,0.0,98,False,True,False,False,False,False,False,True,False,False,True,False,False,False,True
2.58,25,7.0,37,True,False,False,False,False,False,False,True,False,False,True,False,False,False,True
4.65,21,1.0,46,True,False,False,False,False,False,False,True,False,True,False,False,True,False,False
17.33,12,3.0,79,False,False,False,True,False,False,True,False,False,True,False,False,False,False,True
0.68,29,8.0,50,False,False,False,True,False,True,False,False,False,True,False,False,True,False,False
19.33,7,8.0,73,True,False,False,False,False,False,False,True,False,False,True,False,True,False,False
3.42,11,9.0,24,True,False,False,False,False,False,False,True,False,False,False,True,False,True,False
19.02,22,1.0,106,False,False,True,False,False,True,False,False,False,True,False,False,False,False,True
17.81,21,4.0,122,False,False,False,False,True,True,False,False,False,True,False,False,True,False,False
2.67,17,6.0,28,True,False,False,False,False,False,False,True,False,False,False,True,False,True,False
17.98,5,8.0,45,True,False,False,False,False,False,True,False,False,True,False,False,True,False,False
7.34,22,5.0,93,False,True,False,False,False,False,False,True,True,False,False,False,True,False,False
12.51,18,5.0,62,True,False,False,False,False,False,False,True,False,True,False,False,True,False,False
4.97,17,9.0,34,False,False,True,False,False,False,True,False,False,True,False,False,True,False,False
19.1,18,1.0,101,False,False,False,True,False,False,True,False,True,False,False,False,True,False,False
4.64,15,9.0,24,True,False,False,False,False,False,True,False,True,False,False,False,True,False,False
14.07,10,5.0,63,False,False,True,False,False,False,True,False,False,True,False,False,True,False,False
3.79,13,2.0,34,True,False,False,False,False,False,False,True,False,False,True,False,True,False,False
18.31,25,3.0,79,True,False,False,False,False,False,False,True,True,False,False,False,True,False,False
6.76,7,6.0,42,False,True,False,False,False,False,False,True,False,False,False,True,True,False,False
0.76,26,9.0,28,True,False,False,False,False,False,True,False,True,False,False,False,False,True,False
5.81,14,8.0,41,False,False,True,False,False,False,False,True,False,True,False,False,True,False,False
12.08,16,4.0,60,True,False,False,False,False,True,False,False,True,False,False,False,False,False,True
1.57,16,1.0,30,False,False,True,False,False,False,True,False,False,True,False,False,False,True,False
11.89,28,0.0,79,True,False,False,False,False,False,False,True,True,False,False,False,True,False,False
7.02,23,2.0,53,True,False,False,False,False,False,False,True,False,True,False,False,False,True,False
13.85,29,5.0,71,True,False,False,False,False,False,True,False,False,True,False,False,True,False,False
9.32,24,2.0,71,False,False,True,False,False,False,False,True,False,True,False,False,False,False,True
7.72,19,4.0,64,False,True,False,False,False,True,False,False,False,True,False,False,True,False,False
8.15,26,2.0,50,False,False,True,False,False,False,True,False,True,False,False,False,True,False,False
3.54,17,4.0,41,False,False,True,False,False,False,False,True,True,False,False,False,False,False,True
11.65,10,3.0,53,False,False,False,False,True,False,True,False,False,False,False,True,True,False,False
5.41,17,6.0,38,True,False,False,False,False,True,False,False,False,False,True,False,False,False,True
9.88,7,0.0,43,False,False,True,False,False,False,False,True,False,False,True,False,False,True,False
19.86,12,8.0,71,False,False,True,False,False,True,False,False,False,True,False,False,True,False,False
5.53,23,4.0,59,False,False,False,False,True,True,False,False,False,False,True,False,True,False,False
12.46,10,1.0,62,False,True,False,False,False,False,True,False,True,False,False,False,True,False,False
1.38,6,3.0,17,True,False,False,False,False,False,False,True,False,False,True,False,False,True,False
10.79,24,1.0,65,True,False,False,False,False,False,False,True,False,True,False,False,False,False,True
14.23,23,7.0,70,True,False,False,False,False,False,False,True,True,False,False,False,False,False,True
1.21,22,1.0,39,False,False,False,True,False,False,True,False,True,False,False,False,True,False,False
11.1,18,7.0,56,True,False,False,False,False,False,True,False,True,False,False,False,True,False,False
17.1,25,5.0,65,True,False,False,False,False,False,False,True,False,True,False,False,True,False,False
3.22,19,9.0,32,True,False,False,False,False,False,False,True,True,False,False,False,True,False,False
19.27,29,9.0,85,False,True,False,False,False,False,False,True,False,False,True,False,False,True,False
2.82,10,1.0,29,False,False,True,False,False,False,False,True,False,True,False,False,False,False,True
7.67,22,8.0,59,False,True,False,False,False,False,False,True,True,False,False,False,False,False,True
16.07,16,5.0,64,True,False,False,False,False,False,False,True,False,True,False,False,True,False,False
7.97,9,8.0,35,False,False,False,False,True,False,False,True,False,True,False,False,False,False,True
16.17,12,2.0,78,True,False,False,False,False,False,False,True,False,True,False,False,False,False,True
12.59,10,2.0,39,True,False,False,False,False,False,True,False,False,True,False,False,False,False,True
16.51,7,1.0,79,True,False,False,False,False,False,False,True,False,False,True,False,True,False,False
16.01,12,4.0,72,True,False,False,False,False,False,True,False,True,False,False,False,False,True,False
19.74,11,7.0,81,False,False,True,False,False,True,False,False,True,False,False,False,False,False,True
8.64,29,4.0,62,False,False,False,True,False,False,True,False,False,True,False,False,True,False,False
5.13,16,1.0,38,True,False,False,False,False,False,False,True,False,False,True,False,False,True,False
5.78,11,5.0,38,True,False,False,False,False,True,False,False,False,False,True,False,True,False,False
2.6,16,1.0,29,True,False,False,False,False,False,True,False,True,False,False,False,True,False,False
2.34,8,2.0,28,False,True,False,False,False,False,False,True,False,False,True,False,True,False,False
12.93,20,8.0,58,True,False,False,False,False,False,False,True,False,False,True,False,False,False,True
1.6,14,8.0,24,True,False,False,False,False,False,False,True,False,True,False,False,True,False,False
17.97,28,7.0,92,False,False,False,False,True,False,False,True,False,False,True,False,False,False,True
17.53,14,6.0,79,True,False,False,False,False,False,True,False,True,False,False,False,True,False,False
12.43,13,6.0,70,False,False,True,False,False,True,False,False,False,False,True,False,True,False,False
10.89,7,0.0,58,False,False,False,False,True,False,False,True,False,True,False,False,True,False,False
4.37,6,7.0,25,True,False,False,False,False,False,False,True,False,True,False,False,False,False,True
8.5,13,3.0,54,True,False,False,False,False,True,False,False,False,True,False,False,False,True,False
16.28,8,9.0,71,False,False,True,False,False,False,True,False,False,False,True,False,False,False,True
15.62,26,2.0,81,False,False,False,True,False,True,False,False,False,True,False,False,False,False,True
14.17,8,0.0,55,True,False,False,False,False,False,True,False,True,False,False,False,True,False,False
6.63,24,3.0,58,False,True,False,False,False,False,True,False,False,False,False,True,False,False,True
